id,game,platform,region,categoty,created_at,date,human,y,m,updated_at,checksum
138868,1092,37,1,Null,1517529600,1458777600,"Mar 24, 2016",2016,3,1517788800,0a6eaef1-2f00-9da4-8d1b-a7cb734650e2
138860,1090,41,2,Null,1517529600,1424908800,"Feb 26, 2015",2015,2,1517788800,280ad367-f4bc-c708-201f-33ea3662ad0a
106850,11233,45,2,Null,1501804800,1493078400,"Apr 25, 2017",2017,4,1501804800,3dca257f-05ea-48af-f6a6-e7722249fda9
687,375,6,8,Null,1302652800,930182400,"Jun 24, 1999",1999,6,1339372800,89ab4d46-8311-6ea3-ee4a-a1fd8f855914
107436,352,9,5,Null,1501804800,1268265600,"Mar 11, 2010",2010,3,1501804800,ef6cb6f1-9a65-e0a3-af92-7b2ab628367a
143850,1103,41,2,Null,1517616000,1368576000,"May 15, 2013",2013,5,1517788800,b30682f5-e8ec-39b6-a96d-60da3eb63a99
143847,1103,5,1,Null,1517616000,1192147200,"Oct 12, 2007",2007,10,1517788800,cfeb8422-41b5-6596-e19a-f19e828e8ca1
16207,4756,49,8,Null,1399507200,1398816000,"Apr 30, 2014",2014,4,1399507200,f5028e47-9f25-b5a1-0711-ce6f55dd0306
107505,910,21,2,Null,1501804800,1049932800,"Apr 10, 2003",2003,4,1501804800,8a88f27c-8426-8bb3-cd08-2db30fb47191
107790,1331,9,1,Null,1501977600,1295481600,"Jan 20, 2011",2011,1,1501977600,b86e4b33-3875-456b-2c00-c99e3862e00c
116355,4756,6,2,Null,1507248000,1398816000,"Apr 30, 2014",2014,4,1507248000,a2f31a9f-d00e-c1f7-a76c-4658019ab31e
11691,43,14,8,Null,1391731200,1335398400,"Apr 26, 2012",2012,4,1391731200,31ed8d50-9572-598a-e2f0-ca967d8c77b8
143791,1068,18,5,Null,1517616000,593568000,"Oct 23, 1988",1988,10,1517788800,f92a59dc-4e2f-e475-4597-18cf71048d60
143766,358,5,1,Null,1517616000,1167955200,"Jan 05, 2007",2007,1,1517788800,7d94bcc5-6a7a-9af8-6eb7-d8373b030e11
144215,1022,5,1,Null,1517616000,1165536000,"Dec 08, 2006",2006,12,1517788800,f24d78b3-5dd9-29dd-18ff-2b24abeb801c
144222,1022,41,5,Null,1517616000,1377648000,"Aug 28, 2013",2013,8,1517788800,41a3da5e-8ffd-c569-4980-074e8af8f1f7
144229,1026,5,5,Null,1517616000,1165017600,"Dec 02, 2006",2006,12,1517788800,e5bbc8a4-3b74-2064-6c67-1ab6451af9cc
21716,500,12,5,Null,1414800000,1263427200,"Jan 14, 2010",2010,1,1414800000,0eab61bb-a755-fded-120d-5e6cad8e0d56
4030,457,6,8,Null,1361059200,1363046400,"Mar 12, 2013",2013,3,1361059200,1e93fe77-bd4c-2b08-7d99-f4734308d40d
102354,2368,9,2,Null,1501718400,1394496000,"Mar 11, 2014",2014,3,1501804800,2a587ed3-92d1-17eb-6d32-270273fb2578
19673,56,6,1,Null,1406764800,1020297600,"May 02, 2002",2002,5,1406764800,287e86a2-42c8-6a6f-887f-90047609adc9
19694,1715,18,2,Null,1406764800,616118400,"Jul 11, 1989",1989,7,1406764800,cdcd97a7-1e26-9c4d-0da8-daa6b58d729a
3347,1090,19,8,Null,1345420800,785376000,"Nov 21, 1994",1994,11,1345420800,44fbf3f5-d842-4c9c-ab3a-c10b3e8e9661
153043,6632,9,8,Null,1527379200,1415059200,"Nov 04, 2014",2014,11,1527379200,a00b4d87-017a-202f-517a-0d4e3008559c
22957,427,6,1,Null,1415750400,898732800,"Jun 25, 1998",1998,6,1415750400,e50608aa-07ee-6fd4-e134-f89b8b6feba6
22584,126,6,2,Null,1415404800,962236800,"Jun 29, 2000",2000,6,1415404800,9da2dea6-84cb-c090-6f80-710baeaf5387
22585,126,6,1,Null,1415404800,962323200,"Jun 30, 2000",2000,6,1415404800,6952c87a-4a90-2025-568b-26810f620a36
646,40,6,8,Null,1302652800,1282608000,"Aug 24, 2010",2010,8,1339372800,e9fb4f66-0e2c-2034-2c94-385ff68e4dfe
116374,9604,82,2,Null,1507248000,1369267200,"May 23, 2013",2013,5,1507248000,4765a8c9-92f6-4b7f-111c-bbe608863bfb
147515,14587,39,8,Null,1518652800,1489622400,"Mar 16, 2017",2017,3,1518652800,172105e7-4c7b-77b6-4b58-d8459ce14017
124933,733,8,8,Null,1509148800,1035676800,"Oct 27, 2002",2002,10,1509148800,c275fae1-c35e-a75a-efb1-e675fa54287d
23505,1976,36,8,Null,1417392000,1369180800,"May 22, 2013",2013,5,1417392000,683e42f6-bd1b-ad0c-29b9-fd9b921c0696
106851,11233,45,1,Null,1501804800,1493078400,"Apr 25, 2017",2017,4,1501804800,268c48c0-fdc3-9076-f7c2-968202deae36
4971,20,6,8,Null,1372636800,1187913600,"Aug 24, 2007",2007,8,1372636800,5fb3ad3d-db21-2c9b-6d55-907f2a9d842e
21507,338,9,3,Null,1414800000,1198108800,"Dec 20, 2007",2007,12,1414800000,7d8f8387-0d8e-5f58-9dbc-aac2f2e85e81
138637,8965,130,8,Null,1517529600,1516233600,"Jan 18, 2018",2018,1,1517788800,dbf716e5-449f-6b6f-952d-8545ff1a1714
28562,6803,49,8,Null,1428710400,1445904000,"Oct 27, 2015",2015,10,1428710400,30771a67-f727-26ba-3f90-4f44b7e6ad1a
67252,3193,46,3,Null,1490227200,1351728000,"Nov 01, 2012",2012,11,1490227200,1edb2281-93ef-2146-ac40-05c8edf60006
23329,836,6,2,Null,1416528000,1070150400,"Nov 30, 2003",2003,11,1416614400,9b170265-f5cd-cec0-93c6-74882e3359aa
21668,59,12,2,Null,1414800000,1142812800,"Mar 20, 2006",2006,3,1414800000,3a9af506-fcd5-02b9-7fc5-dcfc6a450292
110087,1035,24,3,Null,1503360000,1112832000,"Apr 07, 2005",2005,4,1503446400,216138c7-e8cb-83c7-2f51-a882cc103af2
166816,103329,6,8,Null,1553299200,1566864000,"Aug 27, 2019",2019,8,1553299200,c0dc3ed8-bd26-09cb-6055-28d9e7790e0c
149056,37777,49,8,Null,1520985600,1536883200,"Sep 14, 2018",2018,9,1520985600,0f3f0d61-0162-df85-0a6b-d7bdd2be4993
2933,974,5,8,Null,1341100800,1180569600,"May 31, 2007",2007,5,1341100800,183434fd-f182-c9a5-9061-a0e81c5af418
84373,227,6,7,Null,1497484800,1168819200,"Jan 15, 2007",2007,1,1497484800,ebc08ea2-d14d-6d9b-1da2-3e8c34f0c638
33119,2472,16,8,Null,1440892800,694137600,1991,1991,12,1440892800,98f75ab8-6572-a97d-9e6d-387688b4b763
164702,1334,9,5,Null,1549411200,1390867200,"Jan 28, 2014",2014,1,1549411200,e135ad71-50bf-d0a9-833a-9ba9feb0a4da
101889,20,9,1,Null,1501718400,1224201600,"Oct 17, 2008",2008,10,1501804800,0080715a-7554-880c-5c33-02e327b88a41
47691,116,14,8,Null,1457136000,1337040000,"May 15, 2012",2012,5,1457136000,f4960366-8ef4-0aff-25ac-e3ecc330a5ff
164704,1334,9,1,Null,1549411200,1378252800,"Sep 04, 2013",2013,9,1549411200,4ea3465f-1d6a-0dbb-5e35-06dae773cb2b
160804,1911,49,5,Null,1541376000,1505347200,"Sep 14, 2017",2017,9,1541376000,768ad0df-951b-5e01-8ddf-771d7b51874a
47498,1271,5,1,Null,1456876800,1213315200,"Jun 13, 2008",2008,6,1456876800,d14d48dd-b4ad-6e7e-3a3d-4363db951019
130308,2025,49,8,Null,1512345600,1473984000,"Sep 16, 2016",2016,9,1512345600,39d6bbe1-f6f7-afa3-ec87-ce09db862833
1613,732,8,8,Null,1317686400,1098748800,"Oct 26, 2004",2004,10,1339372800,655c9be9-5727-b8d7-67b1-0bc5f04e52f8
64105,7789,39,2,Null,1484092800,1484006400,"Jan 10, 2017",2017,1,1484092800,0a802860-9140-3709-51fb-b93abcda3639
134593,3152,45,2,Null,1515542400,1389052800,"Jan 07, 2014",2014,1,1515542400,93b46e74-7350-88de-d9e1-72eb0846e40a
102109,979,9,2,Null,1501718400,1320710400,"Nov 08, 2011",2011,11,1501804800,0b7ff771-1211-5803-9033-b939c4cfddb2
116356,4756,48,1,Null,1507248000,1398816000,"Apr 30, 2014",2014,4,1507248000,95f9c661-6116-bb2f-fe63-a1cc48001f8d
146865,1331,34,8,Null,1518134400,1423612800,"Feb 11, 2015",2015,2,1518134400,81e2a699-e8e5-1399-5497-47c6e0e0b06e
147832,1983,39,8,Null,1518825600,1346284800,"Aug 30, 2012",2012,8,1518912000,c807bc30-0fc2-e960-4cc5-04d834dc9138
51872,17447,6,8,Null,1465689600,1477612800,"Oct 28, 2016",2016,10,1465689600,daa0eb97-5fad-9b57-1f3c-db390d8cab57
165125,427,49,8,Null,1550188800,1553558400,"Mar 26, 2019",2019,3,1550188800,a83c6696-c856-01cc-af58-ed489c43e56f
84368,6247,41,2,Null,1497484800,1426118400,"Mar 12, 2015",2015,3,1497571200,019bf1e3-b295-d75f-e400-e670c5ab3d3c
35444,521,11,2,Null,1441411200,1095120000,"Sep 14, 2004",2004,9,1441411200,596604a7-9870-a664-15f8-e2b22491bb5c
51871,17447,48,8,Null,1465689600,1477612800,"Oct 28, 2016",2016,10,1465689600,085556c2-dd02-c11e-456a-793e437038cb
52087,277,6,3,Null,1465862400,1119398400,"Jun 22, 2005",2005,6,1465862400,27f2aa84-90a1-028d-2b5f-81f2f05ee26a
67247,3193,6,2,Null,1490227200,1351555200,"Oct 30, 2012",2012,10,1490227200,f3c7ee70-a81d-0e7d-7444-3a061b114c17
85259,307,14,8,Null,1497571200,1277251200,"Jun 23, 2010",2010,6,1497657600,19e6887e-e631-0500-94b3-7b1997c13592
32630,3265,9,2,Null,1439942400,1271116800,"Apr 13, 2010",2010,4,1439942400,d412b784-2d75-55bb-3b02-e7114a32515a
52678,19457,6,8,Null,1466640000,1477612800,"Oct 28, 2016",2016,10,1466640000,b136e92b-a070-a01c-5596-b02e7a3f2b14
120000,19562,6,2,Null,1507939200,1485216000,"Jan 24, 2017",2017,1,1507939200,621f93a5-4013-adb5-de5e-2613cfc4d4fc
5248,2438,6,8,Null,1372896000,1228780800,"Dec 09, 2008",2008,12,1372896000,43d1b798-a632-0318-18fd-8b6f078307f1
27086,326,14,2,Null,1423699200,1028160000,Aug 2002,2002,8,1423785600,8c13ec8e-6e34-d124-cf4a-09b23d0225fe
27087,326,3,8,Null,1423699200,1072915200,Jan 2004,2004,1,1423785600,1ca1595f-711b-8d23-7c7c-d27e5bcdbd0b
23034,673,6,2,Null,1415836800,840499200,"Aug 20, 1996",1996,8,1415836800,7faaddc4-50bc-680e-90e9-568d630f3cd5
51519,19459,6,2,Null,1465344000,1474934400,"Sep 27, 2016",2016,9,1465344000,cd4d9bba-3ad7-be05-57e6-1ce9ce497d55
19626,1887,49,2,Null,1406246400,1416268800,"Nov 18, 2014",2014,11,1406246400,36825580-be6e-c7c5-f6ae-f049234dd775
16426,3192,47,8,Null,1400112000,1217808000,"Aug 04, 2008",2008,8,1400112000,9b24690d-2318-6512-f6f3-f3b753a4fb26
19664,478,3,8,Null,1406592000,1400716800,"May 22, 2014",2014,5,1406592000,1746cfd8-9913-dd24-9c1a-81773a2afbf0
2742,1048,8,8,Null,1340064000,1148601600,"May 26, 2006",2006,5,1340064000,9c9abf70-dbff-d7c5-3f9f-91d0442dad07
43952,1906,49,2,Null,1452729600,1452643200,"Jan 13, 2016",2016,1,1452729600,4cc39375-d3c9-70de-d17a-d6f7f9f77ba6
28120,7386,14,8,Null,1428105600,1418256000,"Dec 11, 2014",2014,12,1428105600,c0c9eb6b-05a0-8350-6fd1-4b74da035675
24418,1026,24,1,Null,1419120000,1048809600,"Mar 28, 2003",2003,3,1419120000,76ecdb0b-5f44-ac50-0ad1-d330589a249c
171308,4438,9,8,Null,1560470400,1303257600,"Apr 20, 2011",2011,4,1560470400,9de6bb0b-8055-c26d-0190-48ee16ee36b5
32623,3174,9,2,Null,1439942400,1271116800,"Apr 13, 2010",2010,4,1439942400,a2c14801-41ef-fc49-6e83-3b019b85405c
19672,56,11,1,Null,1406764800,1037923200,"Nov 22, 2002",2002,11,1406764800,dd865b11-8830-dad0-90b3-0e206996a132
102648,76,9,2,Null,1501718400,1257206400,"Nov 03, 2009",2009,11,1501804800,5b48dfa3-be4a-5d34-1af6-ab832af62a35
21876,866,6,2,Null,1414886400,1285027200,"Sep 21, 2010",2010,9,1414886400,165ed66b-aa64-ff36-60ff-aef46a602d19
165067,427,130,8,Null,1550016000,1553558400,"Mar 26, 2019",2019,3,1550016000,9097f7de-0d3c-7b6e-d0ab-d71b52fc4a47
102517,112,9,1,Null,1501718400,1202428800,"Feb 08, 2008",2008,2,1501804800,d3a413bd-9e1e-0e08-b125-82c4dc7194e5
37802,224,11,1,Null,1443484800,1131062400,"Nov 04, 2005",2005,11,1443571200,6362206c-77e1-6ce2-fcc4-a853e9a3911e
165492,128,9,2,Null,1551052800,1194912000,"Nov 13, 2007",2007,11,1551052800,07c92bac-27e2-ac13-b89b-b10e46a7990f
107338,127,9,2,Null,1501804800,1258416000,"Nov 17, 2009",2009,11,1501804800,892478ab-7653-a0ac-62cb-bd66bc6639ce
107435,352,9,1,Null,1501804800,1267747200,"Mar 05, 2010",2010,3,1501804800,ff723ac5-834d-51fe-8ad5-f74d559c9e96
102485,5619,45,1,Null,1501718400,1358899200,"Jan 23, 2013",2013,1,1501804800,94b9d3df-b7db-811d-047a-04344854419d
23038,673,36,2,Null,1415836800,1159315200,"Sep 27, 2006",2006,9,1415836800,0bba9288-a084-1a8a-7e3a-d87860785acf
165491,128,6,2,Null,1551052800,1207612800,"Apr 08, 2008",2008,4,1551052800,eedd8586-9b88-4df8-6506-5be706955e57
88955,2276,41,3,Null,1499299200,1380931200,"Oct 05, 2013",2013,10,1499299200,e69e04eb-79bc-83b4-2a70-74693640a87a
102270,1185,45,5,Null,1501718400,1169683200,"Jan 25, 2007",2007,1,1501804800,4e03c5da-6854-9752-2916-c20ca7cef641
155727,1905,34,8,Null,1531526400,1532390400,"Jul 24, 2018",2018,7,1531526400,db5a32f0-05e9-edeb-ecb2-02cd1b189bcf
23039,673,36,1,Null,1415836800,1159315200,"Sep 27, 2006",2006,9,1415836800,08175fb1-3ce9-49b8-d1cf-1281151ea926
22958,427,7,5,Null,1415750400,854668800,"Jan 31, 1997",1997,1,1415750400,e2054965-ec3f-67a0-f42a-ba9a3c7b44d7
23007,426,39,8,Null,1415836800,1391644800,"Feb 06, 2014",2014,2,1415836800,115f7eaf-d787-c979-246a-9289a443b483
153859,90101,130,8,Null,1528761600,1544140800,"Dec 07, 2018",2018,12,1528761600,b49ab546-ef95-1ea2-075f-6f1a167af862
23651,1887,6,5,Null,1417737600,1417046400,"Nov 27, 2014",2014,11,1417737600,f4a62a1f-89e4-cb8c-9c18-a35f187adb2e
107802,1058,9,1,Null,1501977600,1225843200,"Nov 05, 2008",2008,11,1501977600,65946fdd-48c5-856a-89f2-6962d0b6bfb7
103341,731,9,2,Null,1501718400,1209427200,"Apr 29, 2008",2008,4,1501804800,27830527-a0d8-36cb-c2fd-9da44b5ac5c5
103343,731,9,5,Null,1501718400,1225324800,"Oct 30, 2008",2008,10,1501804800,0d2448f1-53c7-3aba-410d-01856bbb0359
23686,8254,9,1,Null,1417737600,1421712000,"Jan 20, 2015",2015,1,1417737600,2adb0d09-fcea-84d7-463a-0f51e949900a
3440,1289,9,8,Null,1347408000,1340928000,"Jun 29, 2012",2012,6,1347408000,104c2a77-9f80-92a4-13fa-527dd5ba4972
106356,12503,45,2,Null,1501718400,1444694400,"Oct 13, 2015",2015,10,1501804800,ca90961d-f00b-1557-57fb-f5b4dc739329
80978,27081,6,8,Null,1496620800,1506643200,"Sep 29, 2017",2017,9,1496620800,cf11e04b-e8f2-5559-2a37-ba884d2cb0b1
3242,1244,7,8,Null,1342224000,890870400,"Mar 26, 1998",1998,3,1342224000,24f33df6-e3e3-7ab1-4f44-201e5f190c49
47499,1271,5,5,Null,1456876800,1255564800,"Oct 15, 2009",2009,10,1456876800,3c5eca36-c435-2e4b-76e5-1980ac34608b
106655,7331,48,2,Null,1501804800,1462838400,"May 10, 2016",2016,5,1501804800,80523db8-b2ef-4378-9256-8bdabfc50da7
762,61,14,8,Null,1302739200,691545600,Dec 1991,1991,12,1339372800,a35290f8-fab8-a757-b027-b987bf920e62
23005,426,45,2,Null,1415836800,1323129600,"Dec 06, 2011",2011,12,1415836800,927cde7f-bf6c-c017-08c8-8ad4b5d37e23
108329,105,9,1,Null,1501977600,1290124800,"Nov 19, 2010",2010,11,1501977600,d9d15e89-013a-6367-b04d-fec9c1f27fa6
41310,11065,48,8,Null,1449360000,1460419200,"Apr 12, 2016",2016,4,1449360000,8f51b9ff-65fe-4876-1dd2-b60b99221dbf
108427,12571,48,1,Null,1501977600,1486512000,"Feb 08, 2017",2017,2,1501977600,50b39390-112a-568d-5fe4-41c3ac8eb986
1445,647,14,8,Null,1317686400,809827200,"Aug 31, 1995",1995,8,1339372800,17a59806-a60a-6623-b517-472390b7c81b
153045,6632,12,8,Null,1527379200,1415059200,"Nov 04, 2014",2014,11,1527379200,5acdf8ae-5489-6a88-afb7-30f26226921e
25272,1341,8,2,Null,1421020800,1068508800,"Nov 11, 2003",2003,11,1421020800,b1ab3061-8b00-1c0a-efa9-594fa7a5b26f
25284,1341,45,2,Null,1421020800,1309219200,"Jun 28, 2011",2011,6,1421020800,a33cddfb-c5c7-065a-f75e-b8c9b4cfca04
21829,873,12,1,Null,1414886400,1321574400,"Nov 18, 2011",2011,11,1414886400,c4fcf73b-1d55-1b5e-2ebf-ae72792f29b6
51986,471,6,1,Null,1465776000,1301011200,"Mar 25, 2011",2011,3,1465776000,8a5a51df-031f-c6d0-96d9-262581460924
110203,1802,20,5,Null,1503446400,1227139200,"Nov 20, 2008",2008,11,1503532800,fe3aa0e5-bb00-b4d1-7f41-94bfb26fe183
55045,20740,12,1,Null,1470960000,1334620800,"Apr 17, 2012",2012,4,1470960000,797f9a7f-e619-af92-9843-179f1c31a830
110310,1334,74,8,Null,1503532800,1464220800,"May 26, 2016",2016,5,1503532800,5fed0c7c-66ca-b9b9-9625-ea1a6c95199e
103092,427,7,1,Null,1501718400,879724800,"Nov 17, 1997",1997,11,1501804800,6c389ef4-4f55-eff4-7802-0b1a6e10007a
68648,1266,6,1,Null,1493424000,1353628800,"Nov 23, 2012",2012,11,1493424000,2dcc6d8c-6184-5a5d-703d-d19cf3fe0023
3318,732,11,8,Null,1345420800,1118102400,"Jun 07, 2005",2005,6,1345420800,3d9cb0f1-6dfd-85ac-49f4-d28b496b6542
122898,118,39,8,Null,1508284800,Null,TBD,Null,Null,1508284800,ae12bfde-332f-c1d1-08f7-cbb11cf4737e
4031,457,14,8,Null,1361059200,1363046400,"Mar 12, 2013",2013,3,1361059200,368db573-2a50-d155-4222-0096c6ca4d0a
22621,3182,49,3,Null,1415404800,1408406400,"Aug 19, 2014",2014,8,1415404800,b58c0d2a-02da-96ec-c9b7-48172a0f9b3f
22661,132,14,1,Null,1415404800,1025827200,"Jul 05, 2002",2002,7,1415404800,98cf74a2-a921-e416-7e2c-f6dee8491202
84371,227,6,2,Null,1497484800,1168819200,"Jan 15, 2007",2007,1,1497484800,a2bd648b-79b4-f10b-4fa5-bc2d6b466227
27593,2126,14,8,Null,1426982400,1425945600,"Mar 10, 2015",2015,3,1426982400,300bf286-dcbc-1d96-1328-4ad8441b61ae
165087,421,49,8,Null,1550102400,1550016000,"Feb 13, 2019",2019,2,1550102400,cb31f7e2-02bd-baed-d492-23ede9c4bc0a
972,355,12,8,Null,1303430400,1292371200,"Dec 15, 2010",2010,12,1339372800,7a10fa22-86e2-9086-6d3a-12d58bf4d7b4
129570,7706,34,8,Null,1511481600,1436832000,"Jul 14, 2015",2015,7,1511481600,8ba22d07-8098-60e8-a16c-0ef0b2dad473
103103,389,9,2,Null,1501718400,1268092800,"Mar 09, 2010",2010,3,1501804800,c4991a8f-ca42-709f-2575-96db14c7150d
149717,1905,39,8,Null,1522022400,1521072000,"Mar 15, 2018",2018,3,1522022400,e14549ec-cdd4-0c91-0dd4-918798f14dda
52181,7352,6,8,Null,1465948800,1470096000,"Aug 02, 2016",2016,8,1465948800,17b0e9b4-7b13-a4b3-59db-4c1b86fd53d8
102369,1269,9,1,Null,1501718400,1345507200,"Aug 21, 2012",2012,8,1501804800,60d545de-4a37-b7a8-8649-aed92809da38
37794,224,6,1,Null,1443484800,1095379200,"Sep 17, 2004",2004,9,1443571200,b2876713-62c9-2a2e-e321-9d3391feed62
150149,28552,49,8,Null,1522022400,1522108800,"Mar 27, 2018",2018,3,1522022400,54cd5464-e1f9-78fd-ec93-451e5ba017a8
166530,376,9,8,Null,1552780800,Null,TBD,Null,Null,1552780800,d3cf0b3a-6a29-9c84-f8e6-1e2efa9532a4
21494,233,12,3,Null,1414800000,1193270400,"Oct 25, 2007",2007,10,1414800000,0668dc6b-cf51-f0bc-023b-3c6a07063167
23439,6707,12,8,Null,1417132800,1417564800,"Dec 03, 2014",2014,12,1417132800,cc11b16f-40b2-d2ba-5524-c46b06972b27
153261,36952,49,5,Null,1527724800,1511395200,"Nov 23, 2017",2017,11,1527724800,b1c7d95e-9d9a-7b0c-f7fe-8c4ac2ce769a
19621,14,14,8,Null,1406246400,907113600,"Sep 30, 1998",1998,9,1406246400,c6ab9a05-98ee-9306-9d5d-3580ddbe57f8
19628,1887,12,1,Null,1406246400,1416528000,"Nov 21, 2014",2014,11,1406246400,4515b25f-2f5d-e244-8662-96aab05513b0
147117,1906,14,8,Null,1518652800,1379116800,"Sep 14, 2013",2013,9,1518652800,02230f0a-29c3-c3ca-787d-c1f2a4df0dce
23116,8197,26,1,Null,1415923200,567907200,1987,1987,12,1415923200,37ed7ef0-003d-fcec-03f9-d3a44c568ac0
4428,2155,6,8,Null,1371945600,1345680000,"Aug 23, 2012",2012,8,1371945600,365f03f3-17af-a8b0-3064-4e871224f53c
166223,1983,9,1,Null,1552262400,1428451200,"Apr 08, 2015",2015,4,1552348800,19a17898-4b07-66d7-e3c1-a3cf8e23f261
135963,9498,49,2,Null,1516320000,1471910400,"Aug 23, 2016",2016,8,1516320000,89bcf8c1-6507-1fa9-8428-7950250c26b4
69556,97,6,2,Null,1494633600,1099958400,"Nov 09, 2004",2004,11,1494633600,9abb1f0c-1830-234d-25f9-5eb72c9e4827
166225,1983,12,8,Null,1552262400,1311120000,"Jul 20, 2011",2011,7,1552348800,a0ee1b7b-6549-0f79-628a-71e497d6f6df
136252,7323,49,2,Null,1516320000,1447113600,"Nov 10, 2015",2015,11,1516406400,f80f4ae2-4c0c-7128-9b0d-af43e12037d6
136259,11198,49,2,Null,1516320000,1455667200,"Feb 17, 2016",2016,2,1516406400,bb51a702-c17a-d62d-1bbb-d592f153f77a
27090,326,14,1,Null,1423699200,1031270400,"Sep 06, 2002",2002,9,1423785600,64bbcb29-85f1-7e5a-c28e-19ddcf0842ea
166224,1983,9,2,Null,1552262400,1428364800,"Apr 07, 2015",2015,4,1552348800,3f3386ae-e8ad-3492-f8e1-0737f33ee58e
155642,26855,6,8,Null,1531353600,1533600000,"Aug 07, 2018",2018,8,1531353600,44208da4-ff67-17e0-a3f5-1981838a9657
21714,500,6,3,Null,1414800000,1253232000,"Sep 18, 2009",2009,9,1414800000,fd2b496f-3edf-3dc5-27df-63a2f0ff8920
166226,1983,6,8,Null,1552262400,1360800000,"Feb 14, 2013",2013,2,1552348800,155d9519-328a-1e7a-810e-366b824a4041
21878,866,6,3,Null,1414886400,1285286400,"Sep 24, 2010",2010,9,1414886400,1473c5b6-a4d4-6ea3-ffb7-2616ea960d06
115175,9061,49,8,Null,1506643200,1506643200,"Sep 29, 2017",2017,9,1506643200,35e97cc1-7366-171e-2cf2-e59125423fd1
110084,1035,24,5,Null,1503360000,1099526400,"Nov 04, 2004",2004,11,1503446400,df7773bb-b98e-bcc4-c528-bc9b58589dbf
107493,22439,49,8,Null,1501804800,1472515200,"Aug 30, 2016",2016,8,1501804800,dc9cad19-7a0b-5231-3c48-cb03cb2114f4
69579,98,20,1,Null,1494633600,1131667200,"Nov 11, 2005",2005,11,1494633600,7974d6ef-0779-2b01-ff7d-4e54fecc6e3b
146437,1277,159,1,Null,1517875200,1304640000,"May 06, 2011",2011,5,1517875200,cb194d5d-8c67-0dde-614d-321c0829c1eb
69572,98,20,2,Null,1494633600,1132012800,"Nov 15, 2005",2005,11,1494633600,b20a47c0-1927-91c5-0d85-5c849d587d53
13564,2115,12,8,Null,1395187200,1396915200,"Apr 08, 2014",2014,4,1395187200,8619e857-fbb7-dbbe-f55b-98fb1c94477e
107363,113,9,2,Null,1501804800,1289865600,"Nov 16, 2010",2010,11,1501804800,f435ac04-e6e6-57cb-10a5-c34508d2641f
105722,1262,9,2,Null,1501718400,1393977600,"Mar 05, 2014",2014,3,1501804800,2b6cb5a1-9d0b-c0ee-20d0-c3fd00d3600b
40412,2114,48,8,Null,1446681600,1457395200,"Mar 08, 2016",2016,3,1446681600,90032210-cd9c-fbf2-7c2c-266dc3089e0e
38587,12503,48,8,Null,1444521600,1444694400,"Oct 13, 2015",2015,10,1444521600,52f979fb-1387-7e29-e934-caddb5018e1e
109437,3186,52,8,Null,1503014400,665798400,"Feb 06, 1991",1991,2,1503014400,19ebaf3a-1378-1fd4-4c4c-fa3674de4ab7
3876,1871,6,8,Null,1357084800,1355184000,"Dec 11, 2012",2012,12,1357084800,d9a1a2e3-5749-8174-9034-562bfa9f190c
37499,3102,3,8,Null,1443225600,1430092800,"Apr 27, 2015",2015,4,1443225600,fddab4af-643e-7ef1-86f9-e69b71512a92
109448,3186,47,5,Null,1503014400,1165017600,"Dec 02, 2006",2006,12,1503014400,3d4b3b56-ae26-90bb-6891-817bc5c7245a
22601,120,48,3,Null,1415404800,1408406400,"Aug 19, 2014",2014,8,1415404800,ae5f3a84-2b14-b417-2dc2-6747d4c88df1
109449,3186,47,2,Null,1503014400,1167004800,"Dec 25, 2006",2006,12,1503014400,df088f14-864d-792b-c378-6a50b3d96fd9
22660,132,14,2,Null,1415404800,1025654400,"Jul 03, 2002",2002,7,1415404800,cba28155-f393-bce0-57b6-9f2ff7737ff6
97199,12517,46,8,Null,1500336000,1502755200,"Aug 15, 2017",2017,8,1500336000,ec78a13a-6546-164b-d122-9c56b38c9510
19695,1715,18,1,Null,1406764800,661132800,"Dec 14, 1990",1990,12,1406764800,4aacffca-f6f3-1b5d-9a5b-65b7d5f3ba02
134748,37094,48,1,Null,1515628800,1517875200,"Feb 06, 2018",2018,2,1515628800,2ac2f774-f243-a93c-f62f-5cea02ff661c
52088,277,6,1,Null,1465862400,1119571200,"Jun 24, 2005",2005,6,1465862400,bf32aaea-48c4-3e8d-737e-e3fabc991217
38734,9730,48,8,Null,1444608000,1454976000,"Feb 09, 2016",2016,2,1444608000,c7c619d3-911f-c50b-1d5e-d22a92e686bb
23702,1121,12,8,Null,1417910400,1401148800,"May 27, 2014",2014,5,1417910400,efe377d1-98f9-e04b-c1eb-0ca04005e368
88948,534,5,1,Null,1499299200,1321574400,"Nov 18, 2011",2011,11,1499299200,4b7b12cd-18d3-f41c-d687-b654b6f99b5e
48366,538,6,8,Null,1458000000,1364169600,"Mar 25, 2013",2013,3,1458000000,f0279ef8-7f79-ce76-7be6-841e4aed3d45
48371,538,45,2,Null,1458000000,1364256000,"Mar 26, 2013",2013,3,1458000000,84cc5aaf-0e7a-63c1-70d6-bd58ba533f95
106692,7609,48,1,Null,1501804800,1440720000,"Aug 28, 2015",2015,8,1501804800,df0a74d7-8009-1b27-1b56-5176ded44661
137722,1341,21,2,Null,1517529600,1068595200,"Nov 12, 2003",2003,11,1517788800,e56af2d6-da9b-0fd0-35d9-6588ca41ec39
157283,76882,48,8,Null,1534723200,1553212800,"Mar 22, 2019",2019,3,1534723200,e2a5b614-6448-e330-d858-72fa8335ebcc
165898,111,48,8,Null,1551398400,1479772800,"Nov 22, 2016",2016,11,1551484800,0a3000ef-1ba3-d04e-c1d9-c0421908368f
27613,3155,6,2,Null,1427155200,1141257600,"Mar 02, 2006",2006,3,1427155200,00f622a8-2cfa-0121-1c65-43e5b2adab94
165903,111,14,8,Null,1551398400,1283904000,"Sep 08, 2010",2010,9,1551484800,820539c9-fb39-7100-d421-f36df28feae0
47133,1036,21,3,Null,1455494400,1166486400,"Dec 19, 2006",2006,12,1455580800,155abcb7-45b3-78fc-3442-64de4c32f582
27605,986,6,2,Null,1427068800,1180569600,"May 31, 2007",2007,5,1427068800,61c4c144-adb3-7a57-1862-27af201a3d76
55161,21040,9,8,Null,1471219200,1351209600,"Oct 26, 2012",2012,10,1471219200,4345ba39-c050-6ad5-a50a-add75e153ddc
152926,5508,49,8,Null,1527033600,1452556800,"Jan 12, 2016",2016,1,1527033600,48ffacab-9c15-1302-c0ae-e9ba57950c6b
165902,111,3,8,Null,1551398400,1283904000,"Sep 08, 2010",2010,9,1551484800,e2b35c0c-7a2d-f2b0-4f52-9a89b1807cf8
106247,6036,48,1,Null,1501718400,1406851200,"Aug 01, 2014",2014,8,1501804800,39f9cc96-a60c-cd8f-5905-94a74399ea3f
164519,1331,46,2,Null,1549152000,1370304000,"Jun 04, 2013",2013,6,1549152000,9e1b0340-471a-2dce-4243-25ed43e4ba4a
28292,1318,14,8,Null,1428710400,1366848000,"Apr 25, 2013",2013,4,1428710400,83d93333-2b70-d71a-dc78-e53d6b5d3aac
133608,28204,48,1,Null,1515456000,1509667200,"Nov 03, 2017",2017,11,1515542400,7125bd4f-699b-b627-eb9b-a0b6fb881783
25569,7599,9,8,Null,1421193600,1422576000,"Jan 30, 2015",2015,1,1421193600,51aae748-37f9-117c-1181-49859b814e19
63942,19,6,8,Null,1483574400,1199404800,"Jan 04, 2008",2008,1,1483574400,d804d546-0be3-abd9-d103-64fa611269da
103094,425,7,1,Null,1501718400,940982400,"Oct 27, 1999",1999,10,1501804800,8014b4c2-5a72-4ff0-a4a6-2a96eb20bf18
102266,1185,7,1,Null,1501718400,846892800,"Nov 02, 1996",1996,11,1501804800,120f58f0-3efc-5e38-3248-a616696ab65f
102957,1928,8,1,Null,1501718400,1126828800,"Sep 16, 2005",2005,9,1501804800,5d6a27da-60a1-75a6-c5d9-f25ef2ccf008
143338,3192,5,5,Null,1517616000,1217894400,"Aug 05, 2008",2008,8,1517788800,ecb536c2-f3b8-8846-2b88-11f0e017ade7
134471,2136,45,1,Null,1515542400,1359504000,"Jan 30, 2013",2013,1,1515542400,6c89a28f-0eab-7980-61d9-697e8a9b2ff2
67251,3193,6,3,Null,1490227200,1351728000,"Nov 01, 2012",2012,11,1490227200,2d3295de-581e-f525-a743-1eee210604ec
130785,2136,130,8,Null,1512691200,1518739200,"Feb 16, 2018",2018,2,1512691200,d24cd15e-0622-8afa-3599-6bc74be28a6a
161739,4438,37,5,Null,1543795200,1434931200,"Jun 22, 2015",2015,6,1543795200,dbfa24db-bb66-5fd7-72dd-c2bc71838a40
161744,4438,29,3,Null,1543795200,723168000,"Dec 01, 1992",1992,12,1543795200,6d685587-7e66-7c19-2ab3-a1aeea55cf56
68707,1122,9,8,Null,1493510400,1352764800,"Nov 13, 2012",2012,11,1493510400,293e08e6-5326-04b2-0b05-f6b6989c8625
161740,4438,37,8,Null,1543795200,1444262400,"Oct 08, 2015",2015,10,1543795200,0e57a707-39bb-0861-5061-385bd80a6c9d
161742,4438,29,2,Null,1543795200,722563200,"Nov 24, 1992",1992,11,1543795200,18009c2d-2d2e-5a51-bc16-0d1c7f4f13bc
30133,16,12,7,Null,1433116800,1288828800,"Nov 04, 2010",2010,11,1433116800,b902e224-95f4-ca50-77d2-ad8364c905e2
3241,1244,52,8,Null,1342224000,858988800,"Mar 22, 1997",1997,3,1342224000,1e26fa8b-19c0-5d5f-0fe1-2012f800e872
108100,1051,9,1,Null,1501977600,1226534400,"Nov 13, 2008",2008,11,1501977600,63ea21f6-65c5-c678-c74b-e620a6aab707
4316,1979,6,8,Null,1369180800,1383004800,"Oct 29, 2013",2013,10,1369180800,3f8bafec-b6e5-7e17-d9c7-e0b845543248
48338,494,36,1,Null,1457913600,1315872000,"Sep 13, 2011",2011,9,1457913600,53e9df63-2344-2bd6-5d62-b10aaad7f289
13757,73,6,8,Null,1395878400,1211932800,"May 28, 2008",2008,5,1395878400,39eea21b-d48d-48b2-a854-eca2cfc3e1c7
60954,1991,48,8,Null,1479945600,1395705600,"Mar 25, 2014",2014,3,1479945600,9ab1bfbc-a0e4-6d15-ffa5-1f0fea866b6c
99283,2993,49,2,Null,1500508800,1415059200,"Nov 04, 2014",2014,11,1500508800,affc55a3-1874-81b8-2672-c2d7c70cd123
29363,7313,6,8,Null,1430179200,1433203200,"Jun 02, 2015",2015,6,1430179200,fd02516c-9143-dff9-ba6c-4f918aa5a005
106657,431,9,2,Null,1501804800,1195430400,"Nov 19, 2007",2007,11,1501804800,670e57fe-7a76-e290-1b36-81868e78b5be
133876,1985,48,1,Null,1515542400,1441065600,"Sep 01, 2015",2015,9,1515628800,0e469720-6e3b-a382-68a6-259b702c9be6
133952,1910,45,1,Null,1515542400,1391558400,"Feb 05, 2014",2014,2,1515628800,10ba7196-2f8d-f91c-3bef-987e4ce02472
187,324,6,8,Null,1301270400,1035936000,"Oct 30, 2002",2002,10,1339372800,79fe99b4-e6a8-fe6f-c62c-1e2350b28be5
51338,1513,22,2,Null,1464912000,971568000,"Oct 15, 2000",2000,10,1464912000,8dd2730f-21e4-7a02-1822-fcee0dca1b96
48658,730,48,8,Null,1458864000,1449273600,"Dec 05, 2015",2015,12,1458864000,e4c456bc-00ba-8ac3-e186-483bac149020
43354,7323,6,8,Null,1452038400,1453939200,"Jan 28, 2016",2016,1,1452038400,f7aac8e0-270a-3da8-9aa6-41eec8012af7
133958,14587,45,2,Null,1515542400,1464652800,"May 31, 2016",2016,5,1515628800,d16d1b72-a4c6-62f5-f484-824a7a7e71b6
166815,103329,49,8,Null,1553299200,1566864000,"Aug 27, 2019",2019,8,1553299200,ec5aab70-f6e8-b04d-c527-4026531d1cce
134046,11198,48,2,Null,1515542400,1467676800,"Jul 05, 2016",2016,7,1515628800,21d559b6-5c53-19fb-f5d9-ef54128378b2
16203,4756,41,8,Null,1399507200,1398729600,"Apr 29, 2014",2014,4,1399507200,b312f39e-c15d-bdd1-4fec-7b6b89f717b7
154373,7342,48,5,Null,1529452800,1479945600,"Nov 24, 2016",2016,11,1529452800,cf55f097-8fab-f77c-49c3-cafbc4953f17
108052,539,9,2,Null,1501977600,1368489600,"May 14, 2013",2013,5,1501977600,10bb4dfd-9d29-f905-4de3-0d19a9cd87d8
18,43,6,8,Null,1299456000,1314057600,"Aug 23, 2011",2011,8,1339372800,731b46e1-47f6-2d69-3078-0c73370d49b2
124151,1910,14,8,Null,1508889600,1427760000,"Mar 31, 2015",2015,3,1508889600,7cfdc505-e4a3-158e-6923-c2434bbc928b
124146,1910,6,8,Null,1508889600,1378252800,"Sep 04, 2013",2013,9,1508889600,62282016-ae2b-e438-2eea-2cdd0f16f73c
106245,1009,9,1,Null,1501718400,1371168000,"Jun 14, 2013",2013,6,1501804800,2c64d2fc-0033-0b6b-efee-2be387382d52
61305,912,42,2,Null,1480204800,1065398400,"Oct 06, 2003",2003,10,1480204800,0a2284e0-cefa-d8d7-373e-401953418421
151097,481,8,2,Null,1523059200,1001289600,"Sep 24, 2001",2001,9,1523059200,547ccd92-6c70-716c-c2e0-653de64c8b55
110210,1802,34,5,Null,1503446400,1324512000,"Dec 22, 2011",2011,12,1503532800,0a91d2d8-05eb-6f12-53a1-c237faa9c019
2774,13,6,8,Null,1340323200,875577600,"Sep 30, 1997",1997,9,1340323200,3154f9f5-55b4-13cc-9322-d3981628599f
68047,2136,6,8,Null,1491868800,1491868800,"Apr 11, 2017",2017,4,1491868800,3a986244-296c-7f82-f891-7558e58c3d9e
19975,960,12,1,Null,1408147200,1337299200,"May 18, 2012",2012,5,1408147200,233c17bc-e373-d5ce-136d-d56168443078
7152,2472,26,8,Null,1384646400,623376000,"Oct 03, 1989",1989,10,1384646400,ed5f441f-f625-f5e7-d9ee-bfd4bd57bc88
47695,118,6,8,Null,1457136000,1345680000,"Aug 23, 2012",2012,8,1457136000,8776a728-5dd6-3d10-7070-7880ff215fad
136398,17447,49,2,Null,1516320000,1477612800,"Oct 28, 2016",2016,10,1516406400,5a4103b4-06e6-1118-fccd-d2670eae5eb7
23687,8254,48,1,Null,1417737600,1421712000,"Jan 20, 2015",2015,1,1417737600,7bd65d3d-2a4a-ecac-e4b1-7de2200cb377
19977,960,12,3,Null,1408147200,1337299200,"May 18, 2012",2012,5,1408147200,830d35c6-3b2b-dad0-13d5-487061af8c5b
19936,18,14,8,Null,1408060800,1026777600,"Jul 16, 2002",2002,7,1408060800,9f4b2ffc-0405-7eaf-cd61-048b4bfbb306
19671,56,6,2,Null,1406764800,1020211200,"May 01, 2002",2002,5,1406764800,fa367459-fd08-4b79-1575-b0f572b753b9
34614,2472,63,8,Null,1441152000,662601600,1990,1990,12,1441152000,5c441097-38a8-5868-7847-ac2afc4b06ca
49718,421,6,8,Null,1460592000,1460592000,"Apr 14, 2016",2016,4,1460592000,74beb8cd-b71a-c780-e0eb-5f6504c98350
19698,1715,7,5,Null,1406764800,936230400,"Sep 02, 1999",1999,9,1406764800,74d91f7d-97df-540c-d730-ac8c7d2b227c
25210,480,45,1,Null,1420934400,1237420800,"Mar 19, 2009",2009,3,1420934400,8705b82b-8662-55c0-dec3-718e5e7835d5
21519,247,9,2,Null,1414800000,1197331200,"Dec 11, 2007",2007,12,1414800000,4a81730f-6899-e8cc-b4b1-d45119272de7
21524,247,6,1,Null,1414800000,1192665600,"Oct 18, 2007",2007,10,1414800000,d62fe8c4-1650-959f-49da-1d6b9bf064ff
20840,1981,12,1,Null,1414108800,1377216000,"Aug 23, 2013",2013,8,1414108800,04365b82-60b7-54ec-8d2f-6dca2ce7d752
113519,421,48,8,Null,1505779200,1505779200,"Sep 19, 2017",2017,9,1505779200,80d717d3-2341-1b78-05a8-d60bdf493cd5
134716,1968,46,2,Null,1515628800,1378166400,"Sep 03, 2013",2013,9,1515628800,7437ed59-e972-1221-f07d-d7aaed92290e
103777,8187,48,2,Null,1501718400,1448928000,"Dec 01, 2015",2015,12,1501804800,26037f28-28da-d82a-b5c2-97fc2737ffa1
48339,494,6,8,Null,1457913600,1298678400,"Feb 26, 2011",2011,2,1457913600,1d7738e5-05c6-1432-171d-55daa5996465
403,280,3,8,Null,1302220800,1096848000,"Oct 04, 2004",2004,10,1339372800,99a68106-bd39-25ae-5a72-d53352208542
2918,966,7,8,Null,1341100800,937958400,"Sep 22, 1999",1999,9,1341100800,6d24ca25-3611-2950-b7ea-44e91f7fb6d5
2773,13,13,8,Null,1340323200,875577600,"Sep 30, 1997",1997,9,1340323200,7ef1bf82-103b-6f47-baba-eec22b3ea795
4060,1305,9,8,Null,1362182400,1376956800,"Aug 20, 2013",2013,8,1362268800,ff231d04-0ada-daaf-24a0-20a10d9a4dd1
52226,570,49,8,Null,1466035200,1436832000,"Jul 14, 2015",2015,7,1466035200,d92f128e-8941-19a0-6097-5e85255fe141
53105,3221,48,8,Null,1467158400,1406592000,"Jul 29, 2014",2014,7,1467158400,6ac88d8e-d31f-745e-46dc-0443f6015320
2495,1022,21,8,Null,1326240000,1068768000,"Nov 14, 2003",2003,11,1339372800,3c9ee656-1169-01d8-9d5f-296bc4aad9d7
4462,260,12,8,Null,1372032000,1288310400,"Oct 29, 2010",2010,10,1372032000,f3863e03-76a2-f513-a795-4ab3c0adbc47
165717,974,130,8,Null,1551052800,1558396800,"May 21, 2019",2019,5,1551052800,7a8fc353-0cfd-6801-dbfa-d7709c224ed7
567,223,21,8,Null,1302566400,1048550400,"Mar 25, 2003",2003,3,1339372800,cf16212a-5096-977a-1635-1770d73a6aec
20845,1981,6,3,Null,1414108800,1378944000,"Sep 12, 2013",2013,9,1414108800,d799e8a8-dc01-581f-b1c0-a8e2a8c4893e
31201,2001,45,1,Null,1436140800,1367366400,"May 01, 2013",2013,5,1436227200,4df374ce-6c88-6056-84f5-6b7e319a4c02
22582,125,14,5,Null,1415404800,893721600,"Apr 28, 1998",1998,4,1415404800,94dd2765-d2e9-d6e8-efcb-8e79fd6fbdda
143744,1074,41,2,Null,1517616000,1427846400,"Apr 01, 2015",2015,4,1517788800,fdab86ee-a5c5-68bb-48f2-a1a230d02819
21838,1164,9,8,Null,1414886400,1362441600,"Mar 05, 2013",2013,3,1414886400,67e957a6-5592-4d5e-aecc-b69082190c1a
142340,1513,37,1,Null,1517616000,1506038400,"Sep 22, 2017",2017,9,1517788800,f1175f7b-df94-4f13-514e-13e5b1ce7e49
55042,20740,6,3,Null,1470960000,1334707200,"Apr 18, 2012",2012,4,1470960000,b5110cad-0158-b57e-fd62-7e18de626483
7157,2472,8,8,Null,1384646400,Null,TBD,Null,Null,1384646400,5472c5de-088f-30c6-710f-ca219b1505b0
165635,512,48,8,Null,1551052800,1444176000,"Oct 07, 2015",2015,10,1551139200,652bd25a-836c-6813-9740-38a5da4c392f
3439,1289,8,8,Null,1347408000,1036368000,"Nov 04, 2002",2002,11,1347408000,a0a7ec87-3033-3d21-22ed-d9e4e14da03d
123049,36911,49,5,Null,1508371200,1517443200,"Feb 01, 2018",2018,2,1508371200,76d69b5a-5a79-3381-f4c5-b5c2ca4864ee
66571,10148,3,8,Null,1489104000,1487635200,"Feb 21, 2017",2017,2,1489104000,29029be1-7626-78a8-aa02-51a37adbcb8b
66570,10148,6,8,Null,1489104000,1487635200,"Feb 21, 2017",2017,2,1489104000,0210330a-550a-80b9-8ecb-e8a1e5fb5b74
107958,75,9,1,Null,1501977600,1331251200,"Mar 09, 2012",2012,3,1501977600,14f2f3fb-d16e-7b29-35fc-5bcf0f820ac3
754,239,14,8,Null,1302739200,1280188800,"Jul 27, 2010",2010,7,1339372800,c6ff2b94-2ee0-c569-625d-642c0ee675e1
5246,2437,9,8,Null,1372896000,1292457600,"Dec 16, 2010",2010,12,1372896000,0d856f72-dd0d-e9e9-a33f-01afae2da0f1
84349,623,9,3,Null,1497484800,1194393600,"Nov 07, 2007",2007,11,1497571200,f33f8c0e-f593-c552-670f-a363874de28a
136366,36813,49,2,Null,1516320000,1507852800,"Oct 13, 2017",2017,10,1516406400,b32230c6-a338-6339-cb0c-ba8b18072c43
157807,83728,6,8,Null,1535587200,1542672000,"Nov 20, 2018",2018,11,1535587200,1b396b34-15b0-1e54-6c88-a4f967b3b0cf
105139,981,9,2,Null,1501718400,1321315200,"Nov 15, 2011",2011,11,1501804800,6a893290-0adf-6b6f-d0a3-5e39b0b09727
39930,1384,6,8,Null,1445644800,1350950400,"Oct 23, 2012",2012,10,1445644800,41128940-a183-7912-6eb5-368663b9612f
85261,622,6,8,Null,1497571200,1130198400,"Oct 25, 2005",2005,10,1497657600,a106c5a5-bac9-817a-7e4c-c3cd13fd2290
101784,501,9,2,Null,1501718400,1318896000,"Oct 18, 2011",2011,10,1501804800,d3923770-30a4-56a8-1b0b-e5a949b1bec3
27935,9066,3,8,Null,1427587200,1425945600,"Mar 10, 2015",2015,3,1427673600,53cefd36-96ad-de83-4baa-7b6e19d5770e
51339,1513,22,3,Null,1464912000,971395200,"Oct 13, 2000",2000,10,1464912000,8f3c5e47-d436-244a-20f7-7fb20408d6a8
122811,36813,6,8,Null,1508112000,1507852800,"Oct 13, 2017",2017,10,1508112000,6e80b4bd-1d5f-022f-21fc-08482b211293
147114,7599,14,8,Null,1518652800,1465948800,"Jun 15, 2016",2016,6,1518652800,9242f40e-978b-b546-45c6-15211bbf2938
47295,990,12,5,Null,1456099200,1284508800,"Sep 15, 2010",2010,9,1456185600,eda73546-a839-8974-0333-1de09fb265db
144321,260,5,1,Null,1517616000,1288310400,"Oct 29, 2010",2010,10,1517788800,0d4ee6bc-8072-0f7a-9e69-9cb42d54f80b
102608,1254,9,1,Null,1501718400,1358208000,"Jan 15, 2013",2013,1,1501804800,33f9ee04-79d8-972b-4b2f-fecad842f17f
19578,245,6,2,Null,1405728000,972259200,"Oct 23, 2000",2000,10,1405814400,8be154a4-8482-8128-3ebf-ff9b2720cc1f
166525,376,8,2,Null,1552780800,1005609600,"Nov 13, 2001",2001,11,1552780800,32a86e8f-af2b-d058-1c81-e95925487a10
49890,565,48,1,Null,1461024000,1444176000,"Oct 07, 2015",2015,10,1461024000,39f52108-dc9d-40e8-537a-511b3989ce5b
167422,7603,130,8,Null,1554163200,1554940800,"Apr 11, 2019",2019,4,1554163200,da4af9eb-6335-70ce-c348-c19077c6fb55
105652,9727,48,1,Null,1501718400,1442880000,"Sep 22, 2015",2015,9,1501804800,a119f6c0-fa29-5f0b-0c61-595be8191f20
164518,1331,46,1,Null,1549152000,1370390400,"Jun 05, 2013",2013,6,1549152000,f76e2918-c2db-1d71-9b88-404a5147b9f7
64349,9174,49,8,Null,1484611200,1493337600,"Apr 28, 2017",2017,4,1484611200,6bea9801-6b6b-9a11-756d-57da00df1ecc
22962,427,7,5,Null,1415750400,1239321600,"Apr 10, 2009",2009,4,1415750400,79819693-f154-7fea-be78-5b2371d14761
113479,36926,49,8,Null,1505779200,1516924800,"Jan 26, 2018",2018,1,1505779200,d463c7fd-10fd-b46f-ca5d-cd30f6be638b
134114,21062,48,2,Null,1515542400,1502755200,"Aug 15, 2017",2017,8,1515628800,10add722-ba4a-4903-51ae-0066eecba9e7
85262,622,12,2,Null,1497571200,1132617600,"Nov 22, 2005",2005,11,1497657600,743600a6-db39-54cf-d1a1-a77771f04470
85260,307,3,8,Null,1497571200,1360022400,"Feb 05, 2013",2013,2,1497657600,a3ece978-d8dc-c468-f9aa-8f949c6c1dcf
51972,296,9,1,Null,1465776000,1317772800,"Oct 05, 2011",2011,10,1465776000,e5b70cca-7cdf-6553-d7b9-214b27d9d877
134324,11170,48,1,Null,1515542400,1454976000,"Feb 09, 2016",2016,2,1515628800,3c6d8c51-a5de-87be-b6fb-b180b20d8879
23511,1254,9,8,Null,1417478400,1358208000,"Jan 15, 2013",2013,1,1417478400,fb42261b-5fc0-54db-ee82-72c5c1e9524f
144217,1022,5,5,Null,1517616000,1165017600,"Dec 02, 2006",2006,12,1517788800,c9f409b7-0acf-fd9a-4995-2626ef6de75a
30801,8187,49,8,Null,1434499200,1448928000,"Dec 01, 2015",2015,12,1434499200,624e858c-5616-d4c5-545c-07cb34ad395f
110765,29004,49,8,Null,1503964800,1504137600,"Aug 31, 2017",2017,8,1503964800,4d5d0689-b1ec-0d11-59cd-edaa998c52d3
144223,1022,41,2,Null,1517616000,1377734400,"Aug 29, 2013",2013,8,1517788800,16ad21c1-7e3a-6df4-5c45-6cfeb69f435b
25209,480,7,1,Null,1420934400,933465600,"Aug 01, 1999",1999,8,1420934400,6615eacf-b60d-2f9d-dbb3-6f95011fa444
2810,533,12,8,Null,1340496000,1349740800,"Oct 09, 2012",2012,10,1340496000,a1452683-c6ff-d55b-4b2d-7d1a8f7797ae
2960,1156,14,8,Null,1341100800,880329600,"Nov 24, 1997",1997,11,1341100800,37488d05-a3a6-f64c-05f3-527e270e7793
68123,620,12,3,Null,1492041600,1202342400,"Feb 07, 2008",2008,2,1492041600,6aae40d9-d9d8-929f-15dd-c213686a39b2
3051,1192,7,8,Null,1341705600,938649600,"Sep 30, 1999",1999,9,1341705600,f9879aa6-98d3-46f4-ee48-894c6ab2e222
110184,359,49,8,Null,1503446400,1480377600,"Nov 29, 2016",2016,11,1503446400,133f6c4a-da43-f826-8222-825b8c1d29eb
106357,12503,45,1,Null,1501718400,1444694400,"Oct 13, 2015",2015,10,1501804800,bab6a891-1fd2-b8b1-cb4f-7264e7d24eff
107973,18,8,2,Null,1501977600,1007596800,"Dec 06, 2001",2001,12,1501977600,b3c9e6e7-71c6-1113-facc-9403aa558a3f
99281,2993,6,8,Null,1500508800,1381449600,"Oct 11, 2013",2013,10,1500508800,f88d478f-1998-9d00-b5b3-25c6370f8078
133755,7603,48,2,Null,1515542400,1502150400,"Aug 08, 2017",2017,8,1515628800,d87b5449-f959-56a5-1bc0-812f740e7c70
21490,233,6,1,Null,1414800000,1100563200,"Nov 16, 2004",2004,11,1414800000,8facf4ac-a9c4-af56-c1c3-359902fe1d72
152874,14362,48,8,Null,1526947200,1527206400,"May 25, 2018",2018,5,1526947200,020fbd63-ba4c-b86f-c984-5aedc216d0a4
26337,509,6,2,Null,1422489600,1317686400,"Oct 04, 2011",2011,10,1422489600,b1fd1a0d-1222-57f7-36fa-5d4d9e556e7b
68657,1269,9,5,Null,1493424000,1354147200,"Nov 29, 2012",2012,11,1493424000,725ff0d2-6d8b-077b-27c9-aaeef817f6f3
141968,1271,5,2,Null,1517616000,1208217600,"Apr 15, 2008",2008,4,1517788800,33139199-451e-0adf-47cb-35926f510986
5324,241,6,8,Null,1373068800,929145600,"Jun 12, 1999",1999,6,1373068800,41eecc87-cc75-9d9b-c86c-abada2e32e28
166527,376,8,1,Null,1552780800,1015545600,"Mar 08, 2002",2002,3,1552780800,870dde47-d7c7-5abd-f632-36970a4b4720
142377,1511,37,1,Null,1517616000,1456531200,"Feb 27, 2016",2016,2,1517788800,b48ce01a-240c-b1f2-b7a0-db88ca10aed4
166529,376,6,8,Null,1552780800,Null,TBD,Null,Null,1552780800,e6465ed2-7078-4a97-0425-ba6376edcb48
166528,376,11,8,Null,1552780800,Null,TBD,Null,Null,1552780800,1346f0f7-6fc6-d53c-fa9c-3a43034c3558
166532,376,46,8,Null,1552780800,Null,TBD,Null,Null,1552780800,9f048732-a4a9-a500-d60c-50f42eaabe01
2345,913,11,8,Null,1321660800,1005696000,"Nov 14, 2001",2001,11,1339372800,bb2b623f-dfee-21e4-f5d2-90b461e0ac30
144255,1039,37,1,Null,1517616000,1308268800,"Jun 17, 2011",2011,6,1517788800,297ac5c2-3562-f7b5-c510-e097b2809c2f
144257,534,41,2,Null,1517616000,1472688000,"Sep 01, 2016",2016,9,1517788800,2f315ed9-e6a8-46c3-7ab6-fdbb94ca9f6b
27606,986,6,1,Null,1427068800,1181260800,"Jun 08, 2007",2007,6,1427068800,b66b2d36-4657-819b-4294-8876b2eacb8e
144248,1030,41,2,Null,1517616000,1479945600,"Nov 24, 2016",2016,11,1517788800,26cb60bd-6a07-7caf-eaa7-ba96a54e2611
26338,509,6,7,Null,1422489600,1317686400,"Oct 04, 2011",2011,10,1422489600,894829e9-f9fc-e878-04c1-78af1ec73efb
143765,358,5,2,Null,1517616000,1167004800,"Dec 25, 2006",2006,12,1517788800,134eb03b-c171-f446-ef36-54046f71a0ef
32908,11790,48,3,Null,1440460800,1406678400,"Jul 30, 2014",2014,7,1440460800,228d970c-af8b-7a61-eda6-148576e0c4a6
2333,857,3,8,Null,1321488000,983404800,"Mar 01, 2001",2001,3,1339372800,b646bf38-8d9e-cb49-4f23-c9ffb38d4d74
21498,233,3,8,Null,1414800000,1368057600,"May 09, 2013",2013,5,1414800000,dc5fd8f3-245e-3cd4-b782-4df0d0f7c45d
143848,1103,5,5,Null,1517616000,1190246400,"Sep 20, 2007",2007,9,1517788800,91004189-0a2c-79ea-4ccb-679e4ecd1418
1272,562,39,8,Null,1317686400,1271116800,"Apr 13, 2010",2010,4,1339372800,552980bd-4d73-093e-aa13-6c14687c93a3
68642,1266,41,1,Null,1493424000,1354233600,"Nov 30, 2012",2012,11,1493424000,1b80452f-b9e9-e310-c0be-38ea386c18fd
1446,647,32,8,Null,1317686400,851990400,"Dec 31, 1996",1996,12,1339372800,1bfdeaa4-c489-e16c-e863-7940be138ed4
21501,338,12,2,Null,1414800000,1191974400,"Oct 10, 2007",2007,10,1414800000,82871530-f922-a77a-960b-16bb3d9371bd
144244,1030,5,2,Null,1517616000,1242604800,"May 18, 2009",2009,5,1517788800,32c5bd16-278d-0843-7b2d-1eb6a0eb4737
21517,247,9,1,Null,1414800000,1195171200,"Nov 16, 2007",2007,11,1414800000,7a4375a1-8823-e910-c102-e166a15e3a35
90792,21062,49,8,Null,1499385600,1502755200,"Aug 15, 2017",2017,8,1499385600,5587d86f-3d02-3715-62a4-a44393e9f1a0
21781,558,9,3,Null,1414800000,1270080000,"Apr 01, 2010",2010,4,1414800000,a68ac7f5-2c8e-5855-6a00-7d82869f60a1
128308,14593,14,8,Null,1510617600,1491868800,"Apr 11, 2017",2017,4,1510617600,9d845e8d-8079-087a-f89d-c18da8ef3aeb
3034,1187,45,8,Null,1341705600,1190851200,"Sep 27, 2007",2007,9,1341705600,2b05c389-365d-e966-f0f3-95465685e265
3350,1090,47,8,Null,1345420800,1165449600,"Dec 07, 2006",2006,12,1345420800,a920729c-0fe5-77f1-8bd8-30d2fa9534f3
21492,233,11,1,Null,1414800000,1132272000,"Nov 18, 2005",2005,11,1414800000,974244e2-3828-f389-21e5-dbd43fb60492
102529,120,9,1,Null,1501718400,1378425600,"Sep 06, 2013",2013,9,1501804800,017014f4-9755-e51a-59d5-7831a6649ab2
21503,338,12,1,Null,1414800000,1192752000,"Oct 19, 2007",2007,10,1414800000,24039123-4b7e-073b-dee5-08bc8c8fda60
23331,836,11,2,Null,1416528000,1068595200,"Nov 12, 2003",2003,11,1416614400,cdf59825-3fa4-a42c-5b57-f205bc124a32
21516,247,12,2,Null,1414800000,1191974400,"Oct 10, 2007",2007,10,1414800000,f1540c37-4a69-c48a-579e-1d3372b7e1dc
102642,78,9,1,Null,1501718400,1299801600,"Mar 11, 2011",2011,3,1501804800,4e08aad7-b1e3-e278-386a-d54588eddc5e
22797,498,9,3,Null,1415577600,1256256000,"Oct 23, 2009",2009,10,1415577600,b5122fb6-b312-c16a-782f-f27b73d3687c
105164,434,9,1,Null,1501718400,1274400000,"May 21, 2010",2010,5,1501804800,9bf75f07-9ed4-ba27-fce3-9e8018fede05
25280,1341,21,3,Null,1421020800,1072828800,2003,2003,12,1421020800,fdec5e75-703c-cb70-b9e1-73e13648b8cd
85318,2935,3,8,Null,1497657600,1392163200,"Feb 12, 2014",2014,2,1497657600,707c0d94-59ba-483d-07ca-2dfd28212091
21664,472,6,5,Null,1414800000,1323302400,"Dec 08, 2011",2011,12,1414800000,e9c0b212-bca2-a075-4f0a-d8d73d191140
92594,19539,49,8,Null,1499558400,1474934400,"Sep 27, 2016",2016,9,1499558400,2c683a13-3ee5-fc99-3118-7a5073d4863b
92595,19539,6,8,Null,1499558400,1474934400,"Sep 27, 2016",2016,9,1499558400,8c8c8360-4c18-3b71-1ad4-050bfcc75890
101954,7334,48,1,Null,1501718400,1427414400,"Mar 27, 2015",2015,3,1501804800,30956f86-a76f-03e0-2cf1-ae352323dc72
107954,73,45,8,Null,1501977600,1354665600,"Dec 05, 2012",2012,12,1501977600,9a227e38-1fb3-de36-aeae-f21cd666d802
168144,74701,48,8,Null,1555113600,1573776000,"Nov 15, 2019",2019,11,1555200000,a8801131-b06d-2ff4-44bf-6a14c2acc7c6
19661,478,12,3,Null,1406592000,1334707200,"Apr 18, 2012",2012,4,1406592000,2673852e-3352-96d7-9c3a-5576825070b5
166956,1911,48,8,Null,1553558400,1553558400,"Mar 26, 2019",2019,3,1553558400,8555ed2f-4153-3d62-37eb-0058e8e61a4e
29772,7292,34,8,Null,1431907200,1430524800,"May 02, 2015",2015,5,1431907200,32a03c2a-b448-c1b5-db0b-012383ccbd5d
168143,74701,6,8,Null,1555113600,1573776000,"Nov 15, 2019",2019,11,1555200000,dfe45721-9e3d-3077-b80f-147a1adfb9c8
16204,4756,48,8,Null,1399507200,1398816000,"Apr 30, 2014",2014,4,1399507200,de6aa46a-c6b7-b2e1-66d6-6a449750d0b6
153042,6632,48,8,Null,1527379200,1415059200,"Nov 04, 2014",2014,11,1527379200,45c448f6-9205-fc7a-da5c-714ef7ab1220
168145,74701,49,8,Null,1555113600,1573776000,"Nov 15, 2019",2019,11,1555200000,c055cdfd-a6e0-0ff8-3203-e8f71cb8d1c8
105192,424,9,5,Null,1501718400,1417046400,"Nov 27, 2014",2014,11,1501804800,c75cd19b-0254-769c-5053-76db2fca1382
105209,19562,48,1,Null,1501718400,1485216000,"Jan 24, 2017",2017,1,1501804800,59b5125d-4369-cd6d-1374-c2dd8582831f
19956,80,6,1,Null,1408060800,1193356800,"Oct 26, 2007",2007,10,1408060800,4d8bc4a3-338a-c05e-b5fd-8ca095839644
168146,74701,6,8,Null,1555113600,1573776000,"Nov 15, 2019",2019,11,1555200000,061dbad9-fec0-1a26-6193-3583694fb19c
19978,960,9,3,Null,1408147200,1337299200,"May 18, 2012",2012,5,1408147200,9a6126b2-59f4-37fc-353f-faeb90582e1c
153046,6632,6,8,Null,1527379200,1415059200,"Nov 04, 2014",2014,11,1527379200,ab21e9fb-7f36-3d1e-82e8-a2e4181497f1
414,342,13,8,Null,1302220800,822873600,"Jan 29, 1996",1996,1,1339372800,b1c82247-5f6a-0697-c466-0ba597b4f781
103318,1906,45,1,Null,1501718400,1455235200,"Feb 12, 2016",2016,2,1501804800,aca4fe11-7152-d5a9-2e74-496914aeb4a8
31202,2001,6,8,Null,1436140800,1367366400,"May 01, 2013",2013,5,1436227200,91210aa4-4961-fa02-02a6-3a8f57f7dc93
614,39,6,8,Null,1302566400,1030492800,"Aug 28, 2002",2002,8,1339372800,7e90ee85-8349-ff5f-1d42-3736689a6dcc
105602,1267,9,5,Null,1501718400,1348704000,"Sep 27, 2012",2012,9,1501804800,1eca6c9b-3488-69fc-a3d4-a2bfddc0a5f5
135978,7351,49,2,Null,1516320000,1463097600,"May 13, 2016",2016,5,1516320000,f7282972-ef54-a774-3b62-9286e3cc8ffb
187138,847,6,5,Null,1580083200,1253145600,"Sep 17, 2009",2009,9,1580083200,12abb966-49d7-9a02-cf2f-8a7c0effd0c2
131268,1514,37,2,Null,1513296000,1516924800,"Jan 26, 2018",2018,1,1513296000,06d11d3c-6b11-eae3-b7ac-852f6d37b349
3316,731,12,8,Null,1345420800,1209427200,"Apr 29, 2008",2008,4,1345420800,fe371724-a93b-5101-b5f3-0c0c43ae27e0
102513,9498,48,1,Null,1501718400,1471910400,"Aug 23, 2016",2016,8,1501804800,1ce4836b-3567-6ed0-610b-54441bd1253e
25274,1341,6,2,Null,1421020800,1069200000,"Nov 19, 2003",2003,11,1421020800,1024920b-5712-ceda-682c-d17a4e1935de
37795,224,14,2,Null,1443484800,1118966400,"Jun 17, 2005",2005,6,1443571200,df1ffc78-0149-7928-d3a0-a40b3fac9047
37807,224,38,2,Null,1443484800,1133913600,"Dec 07, 2005",2005,12,1443571200,4606f3bf-336e-cbf4-3efa-dabf3db4ec86
18945,6801,48,8,Null,1402358400,1416268800,"Nov 18, 2014",2014,11,1402358400,207e35b7-a055-efba-d37c-5513be1b29c4
168322,1262,130,2,Null,1555459200,1537833600,"Sep 25, 2018",2018,9,1555545600,ee22ef6f-7aed-1be7-cc43-7c15d23db850
109089,9066,48,8,Null,1502755200,1502755200,"Aug 15, 2017",2017,8,1502755200,18846e47-7549-0eb7-ca84-dd0cb950d26d
20909,74,6,2,Null,1414368000,1264464000,"Jan 26, 2010",2010,1,1414368000,a7e69aca-6e10-b4d8-fc9e-e803d6da7e4c
138277,4756,41,1,Null,1517529600,1398902400,"May 01, 2014",2014,5,1517788800,10ef41e7-460e-150f-4d6d-4cc608b3c1c8
186842,1277,74,8,Null,1579824000,1308700800,"Jun 22, 2011",2011,6,1579996800,7afb73f7-497c-cf54-cd78-9a2bdd864128
107975,960,9,2,Null,1501977600,1337040000,"May 15, 2012",2012,5,1501977600,48d3592d-35c4-67e2-1a1c-537595ecaca8
20650,3025,49,2,Null,1412294400,1412035200,"Sep 30, 2014",2014,9,1412294400,ca34c676-344c-f891-e9cf-7fa91206bfc0
105386,873,9,2,Null,1501718400,1321315200,"Nov 15, 2011",2011,11,1501804800,7c61505a-6442-2b12-b1c3-89c915e3e84d
21504,338,12,3,Null,1414800000,1193270400,"Oct 25, 2007",2007,10,1414800000,3eb680bb-e2cd-be33-09af-f1ce7964e9c9
153847,103054,48,8,Null,1528761600,1538697600,"Oct 05, 2018",2018,10,1528761600,38193897-d5e6-fc23-acf1-47ac05a3b2e5
108101,1051,9,2,Null,1501977600,1226361600,"Nov 11, 2008",2008,11,1501977600,7ac52a1d-2baa-a1c2-bc2d-3352a930b13a
105165,434,9,2,Null,1501718400,1274140800,"May 18, 2010",2010,5,1501804800,d385e888-b605-d96c-4bce-ae9fa3d9b718
21150,3025,12,3,Null,1414627200,1416960000,"Nov 26, 2014",2014,11,1414627200,f46e5e16-27e3-42fd-ac21-6e1b3f402208
84331,6250,34,8,Null,1497484800,1405987200,"Jul 22, 2014",2014,7,1497571200,e4ad5170-f843-d0ee-d313-7ce87bbbd0c8
84344,623,12,2,Null,1497484800,1194220800,"Nov 05, 2007",2007,11,1497571200,982a6567-c9d8-d33d-1d55-5ebabb9e1afe
26346,509,9,5,Null,1422489600,1317859200,"Oct 06, 2011",2011,10,1422489600,a58f7952-c43a-a948-0bb5-f4e523beab0f
19946,19,8,1,Null,1408060800,1070582400,"Dec 05, 2003",2003,12,1408060800,47953e02-b2aa-5fed-0b0e-4dc0b97b7e5e
107956,74,9,1,Null,1501977600,1295568000,"Jan 21, 2011",2011,1,1501977600,e745df6c-ceca-1e20-56c4-048a9ea5f7c3
107955,73,45,2,Null,1501977600,1354579200,"Dec 04, 2012",2012,12,1501977600,e409c5e3-d367-a10e-ddca-5d68048f5c3c
3319,733,6,8,Null,1345420800,1051747200,"May 01, 2003",2003,5,1345420800,c68b44e9-786b-9daa-c616-a811eb2999a5
50537,13166,6,8,Null,1462838400,1464652800,"May 31, 2016",2016,5,1462838400,5e0c29c7-037f-96c7-e2b2-20e444f50dfd
2706,1103,19,8,Null,1339977600,764035200,"Mar 19, 1994",1994,3,1339977600,c50b29e2-af78-e262-4c3d-15bfbc0cb24e
21841,1164,12,5,Null,1414886400,1366848000,"Apr 25, 2013",2013,4,1414886400,dded62e4-7c67-e342-ed67-77ead8558754
105751,1377,9,2,Null,1501718400,1340668800,"Jun 26, 2012",2012,6,1501804800,d4cf5f84-54dc-7c70-2e0a-1becbe9fc8d3
43449,7706,49,8,Null,1452038400,1453766400,"Jan 26, 2016",2016,1,1452038400,fc0fb32c-65fc-864f-973e-2be55c8773a4
27545,152,14,8,Null,1426550400,1337040000,"May 15, 2012",2012,5,1426550400,d90fb428-3123-3dfe-49d6-617fe5a6a5f4
22904,1426,20,1,Null,1415664000,1143763200,"Mar 31, 2006",2006,3,1415664000,6fec1a30-8d74-42ff-cce9-7c645229a313
106667,10962,48,2,Null,1501804800,1444348800,"Oct 09, 2015",2015,10,1501804800,6fb3314b-6a19-39c1-4d42-13ddda428135
23044,673,24,1,Null,1415836800,1005868800,"Nov 16, 2001",2001,11,1415836800,6f4709de-3aaf-025b-26ad-cc25ff93bfef
23052,312,13,5,Null,1415836800,799286400,May 1995,1995,5,1415836800,ce70378e-4cd1-aa20-400f-c4eb85df250e
22993,426,7,5,Null,1415836800,921110400,"Mar 11, 1999",1999,3,1415836800,ed51d21f-3d89-0e5d-5a5c-6f908ce32953
23503,625,8,8,Null,1417392000,1226361600,"Nov 11, 2008",2008,11,1417392000,67d7e2bc-614d-2ac0-42b7-85ae3d4ae44c
23646,1887,6,3,Null,1417737600,1416268800,"Nov 18, 2014",2014,11,1417737600,e03b60fb-7188-87e8-8e52-24b3b68147ae
169943,1334,130,8,Null,1558483200,1559001600,"May 28, 2019",2019,5,1558483200,4a2c1058-59f7-ae23-0bd2-91dbc99414cd
106650,565,9,1,Null,1501804800,1255651200,"Oct 16, 2009",2009,10,1501804800,3ca98001-7134-0ca3-9470-0e269e8c32f2
106423,17447,48,1,Null,1501804800,1477612800,"Oct 28, 2016",2016,10,1501804800,7c39144d-c567-55eb-382e-92765918c3e6
135854,1970,49,2,Null,1516320000,1385078400,"Nov 22, 2013",2013,11,1516320000,bd0edf71-903e-5c92-2f95-a87fe75b59fd
24414,1026,19,2,Null,1419120000,703123200,"Apr 13, 1992",1992,4,1419120000,0213c025-ef47-155a-7650-1609c95fcdcf
168421,9061,130,8,Null,1555632000,1555545600,"Apr 18, 2019",2019,4,1555632000,5d6085fa-6a5e-8390-2f45-899b44703c50
23252,41,8,2,Null,1416182400,1017100800,"Mar 26, 2002",2002,3,1416182400,d6361447-03a2-81b1-675b-96d3c5470b79
104843,9927,9,2,Null,1501718400,1491264000,"Apr 04, 2017",2017,4,1501804800,1b3dfd43-23d1-2793-b12e-1b178fd239a9
84369,6247,41,1,Null,1497484800,1427328000,"Mar 26, 2015",2015,3,1497571200,5e890983-1d90-245b-2bc4-ad288b35cb87
84354,623,20,3,Null,1497484800,1194393600,"Nov 07, 2007",2007,11,1497571200,176618f9-788e-1051-388a-43a44639dcc0
454,306,6,8,Null,1302220800,1080000000,"Mar 23, 2004",2004,3,1339372800,c97ec18e-ef36-83da-3a72-466dd0b4df9f
107513,910,11,5,Null,1501804800,1069891200,"Nov 27, 2003",2003,11,1501804800,4b9e1740-f2d8-e5b2-821d-8f6e38b354ef
23036,673,32,1,Null,1415836800,883526400,1997,1997,12,1415836800,bb67b3c7-3a32-efcd-ee12-9cb1880be17f
23049,312,24,2,Null,1415836800,1035763200,"Oct 28, 2002",2002,10,1415836800,ecafc6da-56ad-4904-6f31-e928aacb6aff
22898,1426,56,5,Null,1415664000,1260835200,"Dec 15, 2009",2009,12,1415664000,0af13789-0811-69a3-fb03-929a8ff0889f
22831,2136,9,3,Null,1415664000,1262822400,"Jan 07, 2010",2010,1,1415664000,dcf7f152-fb13-39bd-1206-4e138090459d
106688,11170,48,2,Null,1501804800,1454976000,"Feb 09, 2016",2016,2,1501804800,0d0e1c96-000a-642c-b243-e3ea297167bf
108400,10148,45,2,Null,1501977600,1487635200,"Feb 21, 2017",2017,2,1501977600,084d59f5-dedf-21fb-fbf1-d7ee397a4cd1
48369,538,14,8,Null,1458000000,1377734400,"Aug 29, 2013",2013,8,1458000000,159381f6-6d35-75a2-41cb-5397cfd5f4d6
2775,13,14,8,Null,1340323200,875577600,"Sep 30, 1997",1997,9,1340323200,ce66a3b4-0145-5e6e-083c-27b086d97b01
24421,1026,47,1,Null,1419120000,1174608000,"Mar 23, 2007",2007,3,1419120000,1ddfa611-ef2d-0044-329d-530166defb13
85317,2935,14,8,Null,1497657600,1375920000,"Aug 08, 2013",2013,8,1497657600,377cdf5d-b723-5a63-2446-6e7a5082d005
28333,1062,6,1,Null,1428710400,1329350400,"Feb 16, 2012",2012,2,1428710400,a4182f9b-28b2-44b5-d801-5f22fb14f584
108067,3025,48,1,Null,1501977600,1412294400,"Oct 03, 2014",2014,10,1501977600,cb058f16-71a6-9f84-7b64-52ebf1292903
21837,873,12,7,Null,1414886400,1321315200,"Nov 15, 2011",2011,11,1414886400,19982374-8089-bf09-8ea8-78d55e393117
64177,26764,130,8,Null,1484265600,1493337600,"Apr 28, 2017",2017,4,1484265600,e4211833-d382-d56e-fc90-0fae0ee22080
26325,2031,48,8,Null,1422489600,1400544000,"May 20, 2014",2014,5,1422489600,8d0ae2b8-38db-d6a8-1a16-d1c7bb226bb1
2893,529,12,8,Null,1341014400,1354060800,"Nov 28, 2012",2012,11,1341014400,286b2dc5-dd6d-eb6a-b24f-eb66b15bd12b
128981,9727,6,8,Null,1510963200,1442880000,"Sep 22, 2015",2015,9,1510963200,c3d79e68-4363-2638-ec50-2323265ddb00
93338,289,6,1,Null,1499990400,883526400,1997,1997,12,1499990400,ad331162-bd3b-49f8-8428-d5ce863cf303
24848,1262,6,3,Null,1420416000,1394064000,"Mar 06, 2014",2014,3,1420416000,18b7e9a8-9e10-4515-b1c1-a5d6e52c5d9c
147893,37094,48,3,Null,1518998400,1517961600,"Feb 07, 2018",2018,2,1518998400,aefd70f2-8950-a6c0-99b1-d50bc4961ffa
14691,1968,49,8,Null,1396742400,1392681600,"Feb 18, 2014",2014,2,1396742400,14c12a11-fe8c-5de2-007f-4cd2c9c08007
170080,819,6,8,Null,1558742400,1101859200,Dec 2004,2004,12,1558828800,79c1002b-540d-4524-df9d-ed333f028660
53808,1906,49,1,Null,1468627200,1452643200,"Jan 13, 2016",2016,1,1468627200,716f4318-36db-d9f6-bf43-d5837e3be55a
28121,7386,6,8,Null,1428105600,1418256000,"Dec 11, 2014",2014,12,1428105600,435beb70-7fad-63f6-fc45-6590be5d0195
28682,7292,49,8,Null,1428796800,1428969600,"Apr 14, 2015",2015,4,1428796800,8e271c28-1fcb-778f-2bd8-016591b22e79
118135,3022,48,2,Null,1507680000,1400544000,"May 20, 2014",2014,5,1507766400,2ac2a682-3484-2a28-20b0-b6b74e066da6
170249,19564,48,8,Null,1559088000,1573171200,"Nov 08, 2019",2019,11,1559088000,1a1b124f-bd2a-735e-b7a3-7aac88909d64
143337,3192,5,1,Null,1517616000,1221782400,"Sep 19, 2008",2008,9,1517788800,88e481d0-2fe4-83ac-e0e1-4862b5d8df38
106580,6250,9,2,Null,1501804800,1324339200,"Dec 20, 2011",2011,12,1501804800,e85dfeac-9cb1-b7f2-51b5-aa8f026a71c9
55041,20740,12,2,Null,1470960000,1334620800,"Apr 17, 2012",2012,4,1470960000,9943ac66-d6f7-969f-3cf7-8fb68a963fcb
170234,1352,6,8,Null,1559088000,1559779200,"Jun 06, 2019",2019,6,1559088000,7284057b-26e8-7c39-e1ff-b72e2a471204
2203,732,36,8,Null,1319932800,1224460800,"Oct 20, 2008",2008,10,1339372800,ff56ce4d-7ffa-da62-82c0-8a1bf1a9973d
133724,1020,48,1,Null,1515542400,1416268800,"Nov 18, 2014",2014,11,1515628800,a98304d5-f247-a0f9-bd47-2c9d4e73bde3
2405,987,12,8,Null,1322438400,1190678400,"Sep 25, 2007",2007,9,1339372800,7296d662-085f-77c3-2e42-637ea6cbcc0d
31117,398,8,5,Null,1435795200,1142467200,"Mar 16, 2006",2006,3,1435795200,ef43fef1-fc61-61bb-bccf-939a50e1f391
21602,78,6,3,Null,1414800000,1299715200,"Mar 10, 2011",2011,3,1414800000,e728da8a-896f-d991-a720-63e93a5f64aa
